Model,Accuracy,Precision,Recall,F1,ROC_AUC,CV_Accuracy_mean,CV_Accuracy_std
KNN,0.91,0.9103693323991593,0.91,0.9099797454427246,0.9695499999999999,0.89875,0.011456439237389624
SVM,0.895,0.8956330128205129,0.895,0.8949579831932774,0.969575,0.89375,0.006249999999999978
Random Forest,0.89,0.8914090726615816,0.89,0.8899009108197379,0.9580875,0.8868750000000001,0.010807260291119104
Neural Network,0.8775,0.8791017047023675,0.8775,0.8773704725616431,0.95705,0.8856249999999999,0.0198971967246645
Gradient Boosting,0.87,0.8713368125250903,0.87,0.8698828946051447,0.943325,0.8612500000000001,0.016219924090451216
Logistic Regression,0.7575,0.7578158243848714,0.7575,0.7574257116241848,0.834075,0.7465625000000001,0.00990186219859678
